micro_step,global_step,epoch,ce_loss,contrastive_loss,total_loss,pos_per_query,neg_per_query,n_candidates,queries_skipped_no_pos,queue_valid,queue_ptr,queue_labels,view_gap,pos_counts,neg_counts,ema_calls
50,6,0.0096,0.7015114462375641,1.3692215013504028,0.9753557515144348,2.44,1.56,4.0,0,0,0,{},0.05117444694042206,"(3, 1, 3, 3)","(1, 3, 1, 1)",0
100,12,0.0192,0.6964855432510376,1.3694168496131898,0.9703689253330231,2.49,1.51,4.0,0,0,0,{},0.04915089160203934,"(3, 3, 1, 3)","(1, 1, 3, 1)",0
150,18,0.0288,0.6843484771251679,1.3537038946151734,0.9550892698764801,2.48,1.52,4.0,0,0,0,{},0.07372376322746277,"(2, 2, 2, 2)","(2, 2, 2, 2)",0
200,24,0.0384,0.6858515858650207,1.33674724817276,0.9532010436058045,2.64,1.36,4.0,0,0,0,{},0.10740643739700317,"(3, 3, 1, 3)","(1, 1, 3, 1)",0
250,31,0.0496,0.724605666399002,1.3123792624473571,0.9870815300941467,2.6,1.4,4.0,0,0,0,{},0.1858428418636322,"(3, 3, 3, 1)","(1, 1, 1, 3)",0
300,37,0.0592,0.7061248767375946,1.3061832189559937,0.9673615193367004,2.46,1.54,4.0,0,0,0,{},0.15240374207496643,"(1, 3, 3, 3)","(3, 1, 1, 1)",0
350,43,0.0688,0.6899372529983521,1.3164714407920837,0.9532315468788147,2.47,1.53,4.0,0,0,0,{},0.13722069561481476,"(2, 2, 2, 2)","(2, 2, 2, 2)",0
400,49,0.0784,0.7052410471439362,1.3207386541366577,0.9693887758255005,2.64,1.36,4.0,0,0,0,{},0.40335607528686523,"(4, 4, 4, 4)","(0, 0, 0, 0)",0
450,56,0.0896,0.6982385671138763,1.2942697501182556,0.9570925199985504,2.38,1.62,4.0,0,0,0,{},0.14468064904212952,"(2, 2, 2, 2)","(2, 2, 2, 2)",0
500,62,0.0992,0.7072926104068756,1.290846619606018,0.9654619419574737,2.56,1.44,4.0,0,0,0,{},0.14587724208831787,"(4, 4, 4, 4)","(0, 0, 0, 0)",0
550,68,0.1088,0.6872140312194824,1.2912561988830566,0.9454652810096741,2.57,1.43,4.0,0,0,0,{},0.1417650282382965,"(3, 3, 3, 1)","(1, 1, 1, 3)",0
600,74,0.1184,0.6944272089004516,1.2759235000610352,0.9496119165420532,2.5,1.5,4.0,0,0,0,{},0.1732587218284607,"(3, 3, 3, 1)","(1, 1, 1, 3)",0
650,81,0.1296,0.6908726215362548,1.2739553713798524,0.9456637024879455,2.54,1.46,4.0,0,0,0,{},0.148756742477417,"(2, 2, 2, 2)","(2, 2, 2, 2)",0
700,87,0.1392,0.6817153251171112,1.2044058859348297,0.9225965070724488,2.57,1.43,4.0,0,0,0,{},0.1074046716094017,"(4, 4, 4, 4)","(0, 0, 0, 0)",0
750,93,0.1488,0.6639215219020843,1.1352830171585082,0.8909781277179718,2.49,1.51,4.0,0,0,0,{},0.12945961952209473,"(2, 2, 2, 2)","(2, 2, 2, 2)",0
800,99,0.1584,0.5226022017002105,1.114300048351288,0.7454622209072113,2.45,1.55,4.0,0,0,0,{},0.16419436037540436,"(2, 2, 2, 2)","(2, 2, 2, 2)",0
850,106,0.1696,0.48065950714051725,1.2038311064243317,0.7214257329702377,2.68,1.32,4.0,0,0,0,{},0.08455014228820801,"(3, 3, 3, 1)","(1, 1, 1, 3)",0
900,112,0.1792,0.3604185998439789,1.0886811125278473,0.5781548231840133,2.38,1.62,4.0,0,0,0,{},0.09314940124750137,"(3, 3, 3, 1)","(1, 1, 1, 3)",0
950,118,0.1888,0.2582448660582304,1.0572759592533112,0.4697000628709793,2.48,1.52,4.0,0,0,0,{},0.0383492037653923,"(4, 4, 4, 4)","(0, 0, 0, 0)",0
1000,124,0.1984,0.18749505806714295,1.0236505389213562,0.39222516626119613,2.54,1.46,4.0,0,0,0,{},0.09317117929458618,"(3, 3, 1, 3)","(1, 1, 3, 1)",0
1050,131,0.2096,0.24620643597096203,1.1061641120910644,0.4674392631649971,2.57,1.43,4.0,0,0,0,{},0.06157197430729866,"(3, 3, 1, 3)","(1, 1, 3, 1)",0
1100,137,0.2192,0.1529461887013167,1.000853590965271,0.35311691105365756,2.53,1.47,4.0,0,0,0,{},0.29099518060684204,"(3, 3, 1, 3)","(1, 1, 3, 1)",0
1150,143,0.2288,0.10963334090076388,0.909360899925232,0.2915055266022682,2.31,1.69,4.0,0,0,0,{},0.05439264327287674,"(1, 3, 3, 3)","(3, 1, 1, 1)",0
1200,149,0.2384,0.3246646655327641,1.139274091720581,0.5525194853544235,2.61,1.39,4.0,0,0,0,{},0.1457168608903885,"(1, 3, 3, 3)","(3, 1, 1, 1)",0
1250,156,0.2496,0.289315832182765,1.165104866027832,0.5223368084430695,2.45,1.55,4.0,0,0,0,{},0.15974798798561096,"(3, 3, 3, 1)","(1, 1, 1, 3)",0
1300,162,0.2592,0.19247219417244196,1.0742075157165527,0.4073137012124062,2.48,1.52,4.0,0,0,0,{},0.03819500282406807,"(2, 2, 2, 2)","(2, 2, 2, 2)",0
1350,168,0.2688,0.15387952024117113,1.0318112897872924,0.3602417799830437,2.58,1.42,4.0,0,0,0,{},0.021786170080304146,"(4, 4, 4, 4)","(0, 0, 0, 0)",0
1400,174,0.2784,0.13937022065743804,0.9424582242965698,0.3278618669509888,2.44,1.56,4.0,0,0,0,{},0.032839398831129074,"(3, 1, 3, 3)","(1, 3, 1, 1)",0
1450,181,0.2896,0.12237027578987181,0.9698500788211822,0.316340294778347,2.47,1.53,4.0,0,0,0,{},0.03143606334924698,"(1, 3, 3, 3)","(3, 1, 1, 1)",0
1500,187,0.2992,0.25067859795875846,1.1618869352340697,0.48305599004030225,2.55,1.45,4.0,0,0,0,{},0.02160796895623207,"(1, 3, 3, 3)","(3, 1, 1, 1)",0
1550,193,0.3088,0.1305691762920469,0.9887874829769134,0.3283266794681549,2.46,1.54,4.0,0,0,0,{},0.03783039003610611,"(2, 2, 2, 2)","(2, 2, 2, 2)",0
1600,199,0.3184,0.13218646137043832,0.9449310219287872,0.3211726707220077,2.39,1.61,4.0,0,0,0,{},0.11359457671642303,"(2, 2, 2, 2)","(2, 2, 2, 2)",0
1650,206,0.3296,0.21926338326185943,1.1593912827968598,0.4511416462063789,2.48,1.52,4.0,0,0,0,{},0.05434328317642212,"(2, 2, 2, 2)","(2, 2, 2, 2)",0
1700,212,0.3392,0.23756445471197365,1.069456936120987,0.4514558503031731,2.52,1.48,4.0,0,0,0,{},0.027988655492663383,"(3, 1, 3, 3)","(1, 3, 1, 1)",0
1750,218,0.3488,0.1971956966817379,1.0230243754386903,0.40180057764053345,2.43,1.57,4.0,0,0,0,{},0.028451401740312576,"(2, 2, 2, 2)","(2, 2, 2, 2)",0
1800,224,0.3584,0.18471600782126188,1.0393817102909089,0.3925923505425453,2.48,1.52,4.0,0,0,0,{},0.022413600236177444,"(1, 3, 3, 3)","(3, 1, 1, 1)",0
1850,231,0.3696,0.1069724217429757,0.9703973543643951,0.3010518968105316,2.54,1.46,4.0,0,0,0,{},0.02753319963812828,"(3, 1, 3, 3)","(1, 3, 1, 1)",0
1900,237,0.3792,0.1620812112465501,0.9835934996604919,0.35879991739988326,2.4,1.6,4.0,0,0,0,{},0.057820647954940796,"(3, 1, 3, 3)","(1, 3, 1, 1)",0
1950,243,0.3888,0.12544724822975695,0.9759133672714233,0.3206299251317978,2.41,1.59,4.0,0,0,0,{},0.04724004864692688,"(3, 3, 3, 1)","(1, 1, 1, 3)",0
2000,249,0.3984,0.11941824446199462,0.9482756412029266,0.3090733736753464,2.49,1.51,4.0,0,0,0,{},0.05655217915773392,"(3, 3, 1, 3)","(1, 1, 3, 1)",0
2050,256,0.4096,0.2761234832927585,1.1509325182437897,0.50630999147892,2.63,1.37,4.0,0,0,0,{},0.031051548197865486,"(2, 2, 2, 2)","(2, 2, 2, 2)",0
2100,262,0.4192,0.16269828516989945,0.990162559747696,0.36073080033063887,2.37,1.63,4.0,0,0,0,{},0.026435773819684982,"(3, 3, 1, 3)","(1, 1, 3, 1)",0
2150,268,0.4288,0.1061098125204444,0.9628249645233155,0.29867481023073195,2.52,1.48,4.0,0,0,0,{},0.034724101424217224,"(3, 1, 3, 3)","(1, 3, 1, 1)",0
2200,274,0.4384,0.14667916671489364,0.9952390718460083,0.3457269850373268,2.56,1.44,4.0,0,0,0,{},0.033276550471782684,"(4, 4, 4, 4)","(0, 0, 0, 0)",0
2250,281,0.4496,0.21745420531602577,1.1039031505584718,0.43823483884334563,2.61,1.39,4.0,0,0,0,{},0.030432602390646935,"(2, 2, 2, 2)","(2, 2, 2, 2)",0
2300,287,0.4592,0.10016407131683082,0.9870943403244019,0.29758294224739074,2.58,1.42,4.0,0,0,0,{},0.05860534682869911,"(3, 3, 1, 3)","(1, 1, 3, 1)",0
2350,293,0.4688,0.10976542232558131,0.9437598884105682,0.2985174024105072,2.48,1.52,4.0,0,0,0,{},0.041255220770835876,"(2, 2, 2, 2)","(2, 2, 2, 2)",0
2400,299,0.4784,0.10321515215560793,0.9614677619934082,0.29550871044397353,2.55,1.45,4.0,0,0,0,{},0.08273998647928238,"(1, 3, 3, 3)","(3, 1, 1, 1)",0
2450,306,0.4896,0.1806117871031165,1.0280433654785157,0.3862204644083977,2.53,1.47,4.0,0,0,0,{},0.03349379450082779,"(2, 2, 2, 2)","(2, 2, 2, 2)",0
2500,312,0.4992,0.17580108150839804,1.0187490642070771,0.3795508947968483,2.41,1.59,4.0,0,0,0,{},0.0486157089471817,"(3, 3, 3, 1)","(1, 1, 1, 3)",0
2550,318,0.5088,0.09485712595283985,0.9800066518783569,0.29085846155881884,2.56,1.44,4.0,0,0,0,{},0.09790776669979095,"(1, 3, 3, 3)","(3, 1, 1, 1)",0
2600,324,0.5184,0.18974809191655367,1.0724711799621582,0.4042423340678215,2.57,1.43,4.0,0,0,0,{},0.0679662823677063,"(2, 2, 2, 2)","(2, 2, 2, 2)",0
2650,331,0.5296,0.16438679074053653,1.0821713602542877,0.38082106292247775,2.66,1.34,4.0,0,0,0,{},0.032692041248083115,"(2, 2, 2, 2)","(2, 2, 2, 2)",0
2700,337,0.5392,0.09436183765996248,0.980066831111908,0.29037520945072176,2.54,1.46,4.0,0,0,0,{},0.037968602031469345,"(2, 2, 2, 2)","(2, 2, 2, 2)",0
2750,343,0.5488,0.144675179196056,1.0235445845127105,0.34938409984111785,2.56,1.44,4.0,0,0,0,{},0.05690698325634003,"(1, 3, 3, 3)","(3, 1, 1, 1)",0
2800,349,0.5584,0.09114451266359538,0.9509831213951111,0.2813411438465118,2.51,1.49,4.0,0,0,0,{},0.0798424705862999,"(3, 3, 3, 1)","(1, 1, 1, 3)",0
2850,356,0.5696,0.1530234095454216,1.03178493142128,0.3593803980946541,2.44,1.56,4.0,0,0,0,{},0.04965191334486008,"(3, 1, 3, 3)","(1, 3, 1, 1)",0
2900,362,0.5792,0.1817717364244163,1.0015494644641876,0.3820816293358803,2.46,1.54,4.0,0,0,0,{},0.09308250993490219,"(1, 3, 3, 3)","(3, 1, 1, 1)",0
2950,368,0.5888,0.13193220583721996,0.9463339567184448,0.32119900435209275,2.49,1.51,4.0,0,0,0,{},0.051194652915000916,"(3, 3, 3, 1)","(1, 1, 1, 3)",0
3000,374,0.5984,0.21916939863935114,1.0706438791751862,0.43329818099737166,2.53,1.47,4.0,0,0,0,{},0.03793639317154884,"(3, 3, 3, 1)","(1, 1, 1, 3)",0
3050,381,0.6096,0.11788445163518191,0.9504532873630523,0.30797511249780657,2.42,1.58,4.0,0,0,0,{},0.028577525168657303,"(1, 3, 3, 3)","(3, 1, 1, 1)",0
3100,387,0.6192,0.13217799582518638,0.9833289170265198,0.3288437822461128,2.54,1.46,4.0,0,0,0,{},0.04411754384636879,"(1, 3, 3, 3)","(3, 1, 1, 1)",0
3150,393,0.6288,0.11920990836806596,0.9822617042064666,0.3156622529029846,2.55,1.45,4.0,0,0,0,{},0.0445827916264534,"(3, 1, 3, 3)","(1, 3, 1, 1)",0
3200,399,0.6384,0.13525416771881282,1.0296748244762421,0.34118913680315016,2.67,1.33,4.0,0,0,0,{},0.07468751072883606,"(1, 3, 3, 3)","(3, 1, 1, 1)",0
3250,406,0.6496,0.1207041747123003,0.9632336950302124,0.31335091799497605,2.49,1.51,4.0,0,0,0,{},0.13591612875461578,"(2, 2, 2, 2)","(2, 2, 2, 2)",0
3300,412,0.6592,0.06991065397392958,0.9366569662094116,0.2572420510649681,2.46,1.54,4.0,0,0,0,{},0.0445806160569191,"(2, 2, 2, 2)","(2, 2, 2, 2)",0
3350,418,0.6688,0.17315801497315988,1.0476246285438537,0.38268294334411623,2.55,1.45,4.0,0,0,0,{},0.03239138424396515,"(4, 4, 4, 4)","(0, 0, 0, 0)",0
3400,424,0.6784,0.1125647214287892,1.0205631971359252,0.3166773644089699,2.59,1.41,4.0,0,0,0,{},0.02996087074279785,"(2, 2, 2, 2)","(2, 2, 2, 2)",0
3450,431,0.6896,0.07427560247946531,0.9219866251945495,0.25867293298244476,2.45,1.55,4.0,0,0,0,{},0.03158259391784668,"(2, 2, 2, 2)","(2, 2, 2, 2)",0
3500,437,0.6992,0.14154413094744087,1.0698190104961396,0.3555079326033592,2.75,1.25,4.0,0,0,0,{},0.027362439781427383,"(4, 4, 4, 4)","(0, 0, 0, 0)",0
3550,443,0.7088,0.12611933753360063,0.97593297123909,0.3213059389591217,2.48,1.52,4.0,0,0,0,{},0.022918663918972015,"(3, 3, 1, 3)","(1, 1, 3, 1)",0
3600,449,0.7184,0.19753871590830385,1.0568839156627654,0.40891550600528714,2.58,1.42,4.0,0,0,0,{},0.06417517364025116,"(2, 2, 2, 2)","(2, 2, 2, 2)",0
3650,456,0.7296,0.16175080638378858,1.0330325496196746,0.36835732132196425,2.51,1.49,4.0,0,0,0,{},0.026401638984680176,"(3, 3, 1, 3)","(1, 1, 3, 1)",0
3700,462,0.7392,0.161246447712183,1.0229077887535096,0.36582800835371015,2.62,1.38,4.0,0,0,0,{},0.028873514384031296,"(3, 3, 1, 3)","(1, 1, 3, 1)",0
3750,468,0.7488,0.1442519344948232,0.9310937201976777,0.3304706808924675,2.34,1.66,4.0,0,0,0,{},0.02264002338051796,"(2, 2, 2, 2)","(2, 2, 2, 2)",0
3800,474,0.7584,0.11734334740787744,0.9870157825946808,0.3147465044260025,2.57,1.43,4.0,0,0,0,{},0.029491407796740532,"(2, 2, 2, 2)","(2, 2, 2, 2)",0
3850,481,0.7696,0.23820458384230733,1.152657948732376,0.46873617976903914,2.67,1.33,4.0,0,0,0,{},0.051811426877975464,"(1, 3, 3, 3)","(3, 1, 1, 1)",0
3900,487,0.7792,0.17664739603642374,1.0209796607494355,0.3808433333039284,2.49,1.51,4.0,0,0,0,{},0.062291957437992096,"(2, 2, 2, 2)","(2, 2, 2, 2)",0
3950,493,0.7888,0.09500022914260625,0.9489598441123962,0.284792200922966,2.43,1.57,4.0,0,0,0,{},0.06748154759407043,"(2, 2, 2, 2)","(2, 2, 2, 2)",0
4000,499,0.7984,0.17576630084775388,1.0135565602779388,0.3784776172041893,2.5,1.5,4.0,0,0,0,{},0.06870229542255402,"(2, 2, 2, 2)","(2, 2, 2, 2)",0
4050,506,0.8096,0.1724540976062417,0.9890473186969757,0.37026356279850003,2.39,1.61,4.0,0,0,0,{},0.03126220405101776,"(3, 3, 3, 1)","(1, 1, 1, 3)",0
4100,512,0.8192,0.17851309994235634,1.0121390902996064,0.3809409239888191,2.45,1.55,4.0,0,0,0,{},0.09217844903469086,"(3, 3, 1, 3)","(1, 1, 3, 1)",0
4150,518,0.8288,0.11590153192169965,0.998380264043808,0.31557758927345275,2.57,1.43,4.0,0,0,0,{},0.02794269099831581,"(3, 1, 3, 3)","(1, 3, 1, 1)",0
4200,524,0.8384,0.15900146753527225,1.0039960062503814,0.35980066865682603,2.52,1.48,4.0,0,0,0,{},0.08566278219223022,"(3, 3, 3, 1)","(1, 1, 1, 3)",0
4250,531,0.8496,0.1418170168250799,0.9829947769641876,0.33841597855091093,2.5,1.5,4.0,0,0,0,{},0.030943626537919044,"(4, 4, 4, 4)","(0, 0, 0, 0)",0
4300,537,0.8592,0.06555779710412026,0.9261933016777039,0.25079646080732343,2.49,1.51,4.0,0,0,0,{},0.029209008440375328,"(3, 1, 3, 3)","(1, 3, 1, 1)",0
4350,543,0.8688,0.1157856414327398,1.0472299480438232,0.32523163467645644,2.75,1.25,4.0,0,0,0,{},0.04547379910945892,"(4, 4, 4, 4)","(0, 0, 0, 0)",0
4400,549,0.8784,0.15984772608615458,0.9963442122936249,0.35911657005548475,2.45,1.55,4.0,0,0,0,{},0.0759996548295021,"(1, 3, 3, 3)","(3, 1, 1, 1)",0
4450,556,0.8896,0.17692277701571585,1.074818674325943,0.39188651472330094,2.62,1.38,4.0,0,0,0,{},0.05286474898457527,"(1, 3, 3, 3)","(3, 1, 1, 1)",0
4500,562,0.8992,0.18577751221135258,1.0480747592449189,0.3953924709558487,2.59,1.41,4.0,0,0,0,{},0.02069607377052307,"(3, 1, 3, 3)","(1, 3, 1, 1)",0
4550,568,0.9088,0.13619362970814108,0.9863742792606354,0.33346849113702776,2.49,1.51,4.0,0,0,0,{},0.04169686138629913,"(4, 4, 4, 4)","(0, 0, 0, 0)",0
4600,574,0.9184,0.11022834955714643,1.022848140001297,0.31479798078536986,2.68,1.32,4.0,0,0,0,{},0.03814039006829262,"(3, 3, 3, 1)","(1, 1, 1, 3)",0
4650,581,0.9296,0.14631357760634273,1.0290737330913544,0.35212832808494565,2.58,1.42,4.0,0,0,0,{},0.04594416543841362,"(2, 2, 2, 2)","(2, 2, 2, 2)",0
4700,587,0.9392,0.046295366510748864,0.9264347124099731,0.23158231347799302,2.55,1.45,4.0,0,0,0,{},0.034134868532419205,"(1, 3, 3, 3)","(3, 1, 1, 1)",0
4750,593,0.9488,0.11369958146475255,0.9672334432601929,0.30714627116918564,2.56,1.44,4.0,0,0,0,{},0.032763250172138214,"(1, 3, 3, 3)","(3, 1, 1, 1)",0
4800,599,0.9584,0.23690671752206982,1.049720778465271,0.4468508720397949,2.52,1.48,4.0,0,0,0,{},0.1819361448287964,"(2, 2, 2, 2)","(2, 2, 2, 2)",0
4850,606,0.9696,0.1344666141550988,1.0699363017082215,0.34845387607812883,2.69,1.31,4.0,0,0,0,{},0.061231307685375214,"(4, 4, 4, 4)","(0, 0, 0, 0)",0
4900,612,0.9792,0.14172037268057466,0.9853374803066254,0.3387878727912903,2.46,1.54,4.0,0,0,0,{},0.04766955226659775,"(4, 4, 4, 4)","(0, 0, 0, 0)",0
4950,618,0.9888,0.08993991858675145,0.9376828634738922,0.2774764958024025,2.43,1.57,4.0,0,0,0,{},0.044686444103717804,"(1, 3, 3, 3)","(3, 1, 1, 1)",0
5000,624,0.9984,0.09458113952539861,0.9338197243213654,0.2813450899720192,2.5,1.5,4.0,0,0,0,{},0.0566859170794487,"(3, 3, 1, 3)","(1, 1, 3, 1)",0
5050,631,1.0096,0.16285330893471836,1.0300688588619231,0.3688670900464058,2.52,1.48,4.0,0,0,0,{},0.02442236617207527,"(1, 3, 3, 3)","(3, 1, 1, 1)",0
5100,637,1.0192,0.15919181127101184,1.028119375705719,0.364815688431263,2.52,1.48,4.0,0,0,0,{},0.05429080128669739,"(3, 3, 3, 1)","(1, 1, 1, 3)",0
5150,643,1.0288,0.0763073626998812,0.8994705033302307,0.25620146602392196,2.42,1.58,4.0,0,0,0,{},0.03102031908929348,"(1, 3, 3, 3)","(3, 1, 1, 1)",0
5200,649,1.0384,0.12277214840985834,0.968929340839386,0.3165580201148987,2.49,1.51,4.0,0,0,0,{},0.06235503405332565,"(3, 1, 3, 3)","(1, 3, 1, 1)",0
5250,656,1.0496,0.0861389769334346,0.9229536068439483,0.2707297059893608,2.46,1.54,4.0,0,0,0,{},0.033428341150283813,"(2, 2, 2, 2)","(2, 2, 2, 2)",0
5300,662,1.0592,0.13213194669689984,0.9147136986255646,0.31507469147443773,2.3,1.7,4.0,0,0,0,{},0.031715262681245804,"(3, 3, 1, 3)","(1, 1, 3, 1)",0
5350,668,1.0688,0.09924810552038252,0.9656942117214203,0.29238695293664935,2.51,1.49,4.0,0,0,0,{},0.034336574375629425,"(3, 1, 3, 3)","(1, 3, 1, 1)",0
5400,674,1.0784,0.11124856826383621,0.9546757733821869,0.3021837288141251,2.52,1.48,4.0,0,0,0,{},0.10949830710887909,"(2, 2, 2, 2)","(2, 2, 2, 2)",0
5450,681,1.0896,0.15541297854855657,1.0031629800796509,0.35604557633399964,2.43,1.57,4.0,0,0,0,{},0.021456584334373474,"(2, 2, 2, 2)","(2, 2, 2, 2)",0
5500,687,1.0992,0.18767118897289037,1.1064998936653136,0.4089711728692055,2.67,1.33,4.0,0,0,0,{},0.030589953064918518,"(3, 1, 3, 3)","(1, 3, 1, 1)",0
5550,693,1.1088,0.07039971367456019,0.9204502010345459,0.25448975801467894,2.46,1.54,4.0,0,0,0,{},0.051716893911361694,"(2, 2, 2, 2)","(2, 2, 2, 2)",0
5600,699,1.1184,0.22391891659703106,1.069764688014984,0.4378718602657318,2.5,1.5,4.0,0,0,0,{},0.07969840615987778,"(4, 4, 4, 4)","(0, 0, 0, 0)",0
5650,706,1.1296,0.1456450408906676,1.0252460658550262,0.35069425851106645,2.58,1.42,4.0,0,0,0,{},0.027864860370755196,"(1, 3, 3, 3)","(3, 1, 1, 1)",0
5700,712,1.1392,0.03476320165209472,0.8869408535957336,0.2121513757109642,2.47,1.53,4.0,0,0,0,{},0.029729461297392845,"(3, 3, 1, 3)","(1, 1, 3, 1)",0
5750,718,1.1488,0.08578255577245728,0.9886497926712036,0.2835125163197517,2.63,1.37,4.0,0,0,0,{},0.03232847899198532,"(3, 1, 3, 3)","(1, 3, 1, 1)",0
5800,724,1.1584,0.09609332475578412,0.9694423460960389,0.2899817967414856,2.57,1.43,4.0,0,0,0,{},0.12843966484069824,"(2, 2, 2, 2)","(2, 2, 2, 2)",0
5850,731,1.1696,0.1227337092347443,0.9792191863059998,0.3185775503516197,2.45,1.55,4.0,0,0,0,{},0.07396367937326431,"(3, 1, 3, 3)","(1, 3, 1, 1)",0
5900,737,1.1792,0.14796486645936965,0.9746398150920867,0.34289283365011214,2.43,1.57,4.0,0,0,0,{},0.032638370990753174,"(2, 2, 2, 2)","(2, 2, 2, 2)",0
5950,743,1.1888,0.1347300042398274,0.972361843585968,0.3292023777961731,2.58,1.42,4.0,0,0,0,{},0.044001102447509766,"(3, 3, 1, 3)","(1, 1, 3, 1)",0
6000,749,1.1984,0.15564767710631713,1.0941108357906342,0.3744698494672775,2.68,1.32,4.0,0,0,0,{},0.023203695192933083,"(2, 2, 2, 2)","(2, 2, 2, 2)",0
6050,756,1.2096,0.08728048999793828,0.9709795105457306,0.28147639602422714,2.54,1.46,4.0,0,0,0,{},0.029672356322407722,"(3, 1, 3, 3)","(1, 3, 1, 1)",0
6100,762,1.2192,0.16289845158113167,1.0317862200737,0.36925569772720335,2.53,1.47,4.0,0,0,0,{},0.032380230724811554,"(2, 2, 2, 2)","(2, 2, 2, 2)",0
6150,768,1.2288,0.09994778085965664,0.9943183898925781,0.2988114607334137,2.59,1.41,4.0,0,0,0,{},0.03185269236564636,"(3, 1, 3, 3)","(1, 3, 1, 1)",0
6200,774,1.2384,0.14901129498612137,0.980694111585617,0.34515012085437774,2.49,1.51,4.0,0,0,0,{},0.05804648995399475,"(4, 4, 4, 4)","(0, 0, 0, 0)",0
6250,781,1.2496,0.13231233915314078,1.0158472216129304,0.3354817894101143,2.53,1.47,4.0,0,0,0,{},0.06290727853775024,"(1, 3, 3, 3)","(3, 1, 1, 1)",0
6300,787,1.2592,0.11335949778556824,0.9558998250961304,0.3045394688844681,2.46,1.54,4.0,0,0,0,{},0.025540083646774292,"(3, 3, 1, 3)","(1, 1, 3, 1)",0
6350,793,1.2688,0.09533904322423041,0.9872421205043793,0.29278746992349625,2.55,1.45,4.0,0,0,0,{},0.03286730498075485,"(3, 1, 3, 3)","(1, 3, 1, 1)",0
6400,799,1.2784,0.11909448862541466,0.9693299210071564,0.31296047776937486,2.53,1.47,4.0,0,0,0,{},0.09708630293607712,"(1, 3, 3, 3)","(3, 1, 1, 1)",0
6450,806,1.2896,0.09535789017565549,0.9187203502655029,0.27910196155309674,2.41,1.59,4.0,0,0,0,{},0.03861357644200325,"(3, 1, 3, 3)","(1, 3, 1, 1)",0
6500,812,1.2992,0.05596970210783184,0.9971948885917663,0.2554086858034134,2.66,1.34,4.0,0,0,0,{},0.028740115463733673,"(2, 2, 2, 2)","(2, 2, 2, 2)",0
6550,818,1.3088,0.1345617819321342,0.9290397441387177,0.3203697320818901,2.33,1.67,4.0,0,0,0,{},0.05382382869720459,"(2, 2, 2, 2)","(2, 2, 2, 2)",0
6600,824,1.3184,0.16662034885725008,1.0660685741901397,0.379834066927433,2.61,1.39,4.0,0,0,0,{},0.07991151511669159,"(2, 2, 2, 2)","(2, 2, 2, 2)",0
6650,831,1.3296,0.14115372729487718,0.9937202847003936,0.3398977893590927,2.53,1.47,4.0,0,0,0,{},0.06992495059967041,"(1, 3, 3, 3)","(3, 1, 1, 1)",0
6700,837,1.3392,0.10728547958657146,0.9697287082672119,0.3012312239408493,2.44,1.56,4.0,0,0,0,{},0.044646479189395905,"(2, 2, 2, 2)","(2, 2, 2, 2)",0
6750,843,1.3488,0.050956379305571314,0.9000222671031952,0.23096083700656891,2.45,1.55,4.0,0,0,0,{},0.026476627215743065,"(2, 2, 2, 2)","(2, 2, 2, 2)",0
6800,849,1.3584,0.17094519039150327,1.0584833073616027,0.3826418578624725,2.63,1.37,4.0,0,0,0,{},0.02392660081386566,"(3, 3, 1, 3)","(1, 1, 3, 1)",0
6850,856,1.3696,0.09640493884682655,0.9801676404476166,0.29243847012519836,2.56,1.44,4.0,0,0,0,{},0.0314747579395771,"(3, 3, 3, 1)","(1, 1, 1, 3)",0
6900,862,1.3792,0.05446856346912682,0.9360214507579804,0.24167285680770875,2.55,1.45,4.0,0,0,0,{},0.06303255259990692,"(3, 3, 1, 3)","(1, 1, 3, 1)",0
6950,868,1.3888,0.09291165585629642,0.93513995885849,0.27993964999914167,2.42,1.58,4.0,0,0,0,{},0.09895261377096176,"(3, 3, 1, 3)","(1, 1, 3, 1)",0
7000,874,1.3984,0.11987080126069487,0.9639868307113647,0.31266817152500154,2.42,1.58,4.0,0,0,0,{},0.135564923286438,"(2, 2, 2, 2)","(2, 2, 2, 2)",0
7050,881,1.4096,0.09733460917137564,0.9885808622837067,0.2950507858395576,2.63,1.37,4.0,0,0,0,{},0.035367511212825775,"(1, 3, 3, 3)","(3, 1, 1, 1)",0
7100,887,1.4192,0.09185979858972132,0.9965058696269989,0.2911609756946564,2.64,1.36,4.0,0,0,0,{},0.10621938854455948,"(2, 2, 2, 2)","(2, 2, 2, 2)",0
7150,893,1.4288,0.07320859683211893,0.9530553066730499,0.2638196647167206,2.51,1.49,4.0,0,0,0,{},0.10599163919687271,"(2, 2, 2, 2)","(2, 2, 2, 2)",0
7200,899,1.4384,0.14034264132380486,1.0292907786369323,0.34620080292224886,2.61,1.39,4.0,0,0,0,{},0.032136354595422745,"(2, 2, 2, 2)","(2, 2, 2, 2)",0
7250,906,1.4496,0.19883013879065403,1.0266496074199676,0.40416006118059156,2.62,1.38,4.0,0,0,0,{},0.02379879355430603,"(3, 3, 1, 3)","(1, 1, 3, 1)",0
7300,912,1.4592,0.12329524626256898,1.038740473985672,0.3310433459281921,2.69,1.31,4.0,0,0,0,{},0.038132213056087494,"(3, 3, 3, 1)","(1, 1, 1, 3)",0
7350,918,1.4688,0.07793237010831945,0.9550172853469848,0.2689358308911324,2.57,1.43,4.0,0,0,0,{},0.02918965555727482,"(2, 2, 2, 2)","(2, 2, 2, 2)",0
7400,924,1.4784,0.1060159944742918,0.9689521265029907,0.29980642467737195,2.51,1.49,4.0,0,0,0,{},0.06563656777143478,"(2, 2, 2, 2)","(2, 2, 2, 2)",0
7450,931,1.4896,0.18988301009405403,1.015747972726822,0.3930326089262962,2.46,1.54,4.0,0,0,0,{},0.025288041681051254,"(2, 2, 2, 2)","(2, 2, 2, 2)",0
7500,937,1.4992,0.09759203225374222,0.9337309157848358,0.2843382194638252,2.39,1.61,4.0,0,0,0,{},0.06616738438606262,"(2, 2, 2, 2)","(2, 2, 2, 2)",0
7550,943,1.5088,0.079827691167593,0.8861708521842957,0.25706186711788176,2.39,1.61,4.0,0,0,0,{},0.09349814057350159,"(3, 3, 3, 1)","(1, 1, 1, 3)",0
7600,949,1.5184,0.13262621104251593,0.9666661036014557,0.32595943719148635,2.42,1.58,4.0,0,0,0,{},0.02946082316339016,"(3, 3, 1, 3)","(1, 1, 3, 1)",0
7650,956,1.5296,0.12674593472853302,0.9868488121032715,0.3241157004237175,2.49,1.51,4.0,0,0,0,{},0.06475603580474854,"(2, 2, 2, 2)","(2, 2, 2, 2)",0
7700,962,1.5392,0.076196788107045,0.8987310576438904,0.2559430041909218,2.39,1.61,4.0,0,0,0,{},0.02777624875307083,"(4, 4, 4, 4)","(0, 0, 0, 0)",0
7750,968,1.5488,0.17396186712197959,0.9481450939178466,0.3635908889770508,2.31,1.69,4.0,0,0,0,{},0.03293827176094055,"(4, 4, 4, 4)","(0, 0, 0, 0)",0
7800,974,1.5584,0.13790551457786931,0.9888209307193756,0.3356697052717209,2.51,1.49,4.0,0,0,0,{},0.07390032708644867,"(3, 1, 3, 3)","(1, 3, 1, 1)",0
7850,981,1.5696,0.10110792063176632,0.9201021325588227,0.2851283526420593,2.38,1.62,4.0,0,0,0,{},0.04748661816120148,"(2, 2, 2, 2)","(2, 2, 2, 2)",0
7900,987,1.5792,0.13043377573601903,1.0422009479999543,0.3388739678263664,2.6,1.4,4.0,0,0,0,{},0.03232428804039955,"(4, 4, 4, 4)","(0, 0, 0, 0)",0
7950,993,1.5888,0.14117391872685403,1.0076575708389282,0.342705434858799,2.41,1.59,4.0,0,0,0,{},0.019627772271633148,"(3, 3, 3, 1)","(1, 1, 1, 3)",0
8000,999,1.5984,0.11783306720666588,0.9541780042648316,0.3086686685681343,2.43,1.57,4.0,0,0,0,{},0.026214351877570152,"(3, 3, 1, 3)","(1, 1, 3, 1)",0
8050,1006,1.6096,0.1257538624526933,1.003648293018341,0.32648352563381194,2.59,1.41,4.0,0,0,0,{},0.1046300083398819,"(2, 2, 2, 2)","(2, 2, 2, 2)",0
8100,1012,1.6192,0.0481929768063128,0.8783507013320923,0.22386312127113342,2.42,1.58,4.0,0,0,0,{},0.0319705456495285,"(3, 3, 1, 3)","(1, 1, 3, 1)",0
8150,1018,1.6288,0.07699652056675405,0.9429944896697998,0.26559542030096056,2.54,1.46,4.0,0,0,0,{},0.051398955285549164,"(2, 2, 2, 2)","(2, 2, 2, 2)",0
8200,1024,1.6384,0.08279124585911632,0.999269597530365,0.28264516800642014,2.69,1.31,4.0,0,0,0,{},0.04949578642845154,"(2, 2, 2, 2)","(2, 2, 2, 2)",0
8250,1031,1.6496,0.11916185525245965,0.9602963602542878,0.31122112929821016,2.43,1.57,4.0,0,0,0,{},0.03669064864516258,"(3, 3, 3, 1)","(1, 1, 1, 3)",0
8300,1037,1.6592,0.1502958524879068,1.0211998689174653,0.35453583210706713,2.53,1.47,4.0,0,0,0,{},0.021722884848713875,"(2, 2, 2, 2)","(2, 2, 2, 2)",0
8350,1043,1.6688,0.06624618029221892,0.9670414054393768,0.25965446293354033,2.62,1.38,4.0,0,0,0,{},0.044873762875795364,"(1, 3, 3, 3)","(3, 1, 1, 1)",0
8400,1049,1.6784,0.10044937470927834,0.9714815557003021,0.29474568843841553,2.55,1.45,4.0,0,0,0,{},0.036319054663181305,"(2, 2, 2, 2)","(2, 2, 2, 2)",0
8450,1056,1.6896,0.06692147059831768,0.8803765094280243,0.2429967749118805,2.44,1.56,4.0,0,0,0,{},0.025904294103384018,"(3, 1, 3, 3)","(1, 3, 1, 1)",0
8500,1062,1.6992,0.19868704164866358,1.0401254189014435,0.40671212852001193,2.47,1.53,4.0,0,0,0,{},0.028142046183347702,"(2, 2, 2, 2)","(2, 2, 2, 2)",0
8550,1068,1.7088,0.06181493382900953,0.9447260773181916,0.25076015293598175,2.58,1.42,4.0,0,0,0,{},0.03882567584514618,"(3, 1, 3, 3)","(1, 3, 1, 1)",0
8600,1074,1.7184,0.1147308996785432,0.9737452900409699,0.30947996348142626,2.58,1.42,4.0,0,0,0,{},0.05440801382064819,"(3, 3, 3, 1)","(1, 1, 1, 3)",0
8650,1081,1.7296,0.2252691351249814,1.0851001393795014,0.4422891667485237,2.57,1.43,4.0,0,0,0,{},0.11380887776613235,"(3, 1, 3, 3)","(1, 3, 1, 1)",0
8700,1087,1.7392,0.08488793205004186,0.9479494392871857,0.2744778227806091,2.53,1.47,4.0,0,0,0,{},0.022107809782028198,"(4, 4, 4, 4)","(0, 0, 0, 0)",0
8750,1093,1.7488,0.10805940338876098,1.0066071784496307,0.30938084214925765,2.59,1.41,4.0,0,0,0,{},0.03035784885287285,"(2, 2, 2, 2)","(2, 2, 2, 2)",0
8800,1099,1.7584,0.05573469729162753,0.9169407296180725,0.23912284761667252,2.52,1.48,4.0,0,0,0,{},0.02471599169075489,"(1, 3, 3, 3)","(3, 1, 1, 1)",0
8850,1106,1.7696,0.13222994729410856,1.0061836683750152,0.33346668362617493,2.53,1.47,4.0,0,0,0,{},0.024716975167393684,"(3, 1, 3, 3)","(1, 3, 1, 1)",0
8900,1112,1.7792,0.07049599327612668,0.9712700176239014,0.2647499996423721,2.63,1.37,4.0,0,0,0,{},0.05022648721933365,"(4, 4, 4, 4)","(0, 0, 0, 0)",0
8950,1118,1.7888,0.12518529075197876,0.9922152042388916,0.323628337085247,2.51,1.49,4.0,0,0,0,{},0.02605489455163479,"(4, 4, 4, 4)","(0, 0, 0, 0)",0
9000,1124,1.7984,0.11746871181763709,0.9218158996105195,0.3018318948149681,2.4,1.6,4.0,0,0,0,{},0.06455892324447632,"(2, 2, 2, 2)","(2, 2, 2, 2)",0
9050,1131,1.8096,0.14867602546699346,1.0433867263793946,0.3573533749580383,2.54,1.46,4.0,0,0,0,{},0.06844079494476318,"(4, 4, 4, 4)","(0, 0, 0, 0)",0
9100,1137,1.8192,0.11980817150790245,0.9769459092617034,0.3151973596215248,2.42,1.58,4.0,0,0,0,{},0.05954718589782715,"(2, 2, 2, 2)","(2, 2, 2, 2)",0
9150,1143,1.8288,0.1085082281846553,0.925499496459961,0.2936081311106682,2.41,1.59,4.0,0,0,0,{},0.08499124646186829,"(4, 4, 4, 4)","(0, 0, 0, 0)",0
9200,1149,1.8384,0.10282710040453821,0.9719229352474212,0.29721169143915177,2.55,1.45,4.0,0,0,0,{},0.02853662148118019,"(4, 4, 4, 4)","(0, 0, 0, 0)",0
9250,1156,1.8496,0.09538677188334986,1.0094798481464387,0.2972827443480492,2.66,1.34,4.0,0,0,0,{},0.02695341221988201,"(4, 4, 4, 4)","(0, 0, 0, 0)",0
9300,1162,1.8592,0.12003282739315183,0.9744825172424316,0.314929333627224,2.55,1.45,4.0,0,0,0,{},0.0920218825340271,"(3, 3, 3, 1)","(1, 1, 1, 3)",0
9350,1168,1.8688,0.10976599468616768,0.9737868428230285,0.3045233696699142,2.54,1.46,4.0,0,0,0,{},0.12557673454284668,"(2, 2, 2, 2)","(2, 2, 2, 2)",0
9400,1174,1.8784,0.06985579362604767,0.9067856502532959,0.2512129274010658,2.39,1.61,4.0,0,0,0,{},0.04767586290836334,"(2, 2, 2, 2)","(2, 2, 2, 2)",0
9450,1181,1.8896,0.1154340819362551,0.9250302970409393,0.3004401445388794,2.28,1.72,4.0,0,0,0,{},0.020501675084233284,"(2, 2, 2, 2)","(2, 2, 2, 2)",0
9500,1187,1.8992,0.09130507542286068,0.9273609650135041,0.27677727103233335,2.42,1.58,4.0,0,0,0,{},0.021457720547914505,"(2, 2, 2, 2)","(2, 2, 2, 2)",0
9550,1193,1.9088,0.14712219327688217,0.9876691544055939,0.3446560272574425,2.54,1.46,4.0,0,0,0,{},0.10472917556762695,"(2, 2, 2, 2)","(2, 2, 2, 2)",0
9600,1199,1.9184,0.11493531335145235,0.9852310395240784,0.31198152512311933,2.61,1.39,4.0,0,0,0,{},0.027760766446590424,"(3, 1, 3, 3)","(1, 3, 1, 1)",0
9650,1206,1.9296,0.11870109892450273,0.9732409977912903,0.3133493050932884,2.49,1.51,4.0,0,0,0,{},0.20784097909927368,"(3, 3, 3, 1)","(1, 1, 1, 3)",0
9700,1212,1.9392,0.0989315779460594,0.901361540555954,0.27920389026403425,2.41,1.59,4.0,0,0,0,{},0.03015274554491043,"(2, 2, 2, 2)","(2, 2, 2, 2)",0
9750,1218,1.9488,0.07834472038317472,0.9531080043315887,0.2689663255214691,2.52,1.48,4.0,0,0,0,{},0.029976747930049896,"(2, 2, 2, 2)","(2, 2, 2, 2)",0
9800,1224,1.9584,0.12232055196072907,0.9560273742675781,0.31352602899074555,2.56,1.44,4.0,0,0,0,{},0.14534439146518707,"(2, 2, 2, 2)","(2, 2, 2, 2)",0
9850,1231,1.9696,0.20080519146285952,1.0221641325950623,0.405238017141819,2.4,1.6,4.0,0,0,0,{},0.042981766164302826,"(2, 2, 2, 2)","(2, 2, 2, 2)",0
9900,1237,1.9792,0.11050596158020198,0.9364615333080292,0.29779827177524565,2.41,1.59,4.0,0,0,0,{},0.06362693011760712,"(3, 3, 3, 1)","(1, 1, 1, 3)",0
9950,1243,1.9888,0.10486260863021016,0.9660583508014678,0.29807428270578384,2.5,1.5,4.0,0,0,0,{},0.030844660475850105,"(1, 3, 3, 3)","(3, 1, 1, 1)",0
10000,1249,1.9984,0.09436761477962136,0.9401835477352143,0.28240432739257815,2.44,1.56,4.0,0,0,0,{},0.06290823221206665,"(3, 3, 1, 3)","(1, 1, 3, 1)",0
